"User","First Name","Last Name","Education","Degree","Major","GPA","University","Work Experience","Duration","Position","Company","Tech Tools","Skills","Experience Level","Hobbies","Preferred Work Environment","Aspirations","Completed Tasks","Relevance to the Job"
"User 1","Sarah","Wilson","Bachelor's degree","Computer Science","Software Development","3.7","University of California, Berkeley","3 years","2020 - Present","Backend Developer","Microsoft","JavaScript (9/10), Python (8/10), SQL (7/10)","Backend & Frontend Development (8/10), REST APIs (8/10), Database Management (7/10)","Mid-level","Running, Photography, Coding challenges","Tech startups, Agile workflow, Diverse teams","To lead a development team in a tech company","Developed new features for Microsoft's web app, Optimized app performance, Implemented REST APIs","Enhance proficiency in Python and leadership skills"
"User 2","James","Johnson","Bachelor's degree","Digital Design","UX Design","3.6","Savannah College of Art and Design","5 years","2018 - Present","Senior UX Designer","Adobe","Sketch (9/10), Adobe XD (9/10), InVision (8/10)","User Research (8/10), Interaction Design (9/10), Wireframing (8/10)","Senior","Photography, Biking, Cooking","Large tech companies, Collaborative & creative teams","To lead UX/UI design for major tech products","Redesigned Adobe's software interfaces, Conducted user research, Optimized the onboarding experience","Enhance proficiency in user research methodologies and inclusive design"
"User 3","Liam","Thompson","Master's degree","Statistics","Data Science","3.9","Stanford University","5 years","2018 - Present","Data Scientist","Amazon","Python (9/10), R (7/10), SQL (8/10), TensorFlow (8/10)","Machine Learning (9/10), Big Data Analytics (8/10), Statistical Analysis (9/10)","Senior","Chess, Hiking, Reading non-fiction","Large tech companies, Data-driven culture","To lead data science team in a major tech company","Developed predictive models for product recommendations, Analyzed user data for product development, Implemented AI algorithms","Enhance proficiency in deep learning techniques and leadership skills"
"User 4","Emma","Taylor","Bachelor's degree","Game Design","Metaverse Development","3.7","University of California, Los Angeles","3 years","2020 - Present","Metaverse Developer","Epic Games","Unity (9/10), C# (8/10), Blender (8/10), VR/AR SDKs (7/10)","3D Modeling (8/10), Virtual Reality (8/10), Game Physics (7/10)","Mid-level","Virtual reality gaming, Sculpting, Yoga","Gaming industry, Collaborative teams, Innovative culture","To become a senior Metaverse developer","Developed VR games in the Metaverse, Created 3D models, Implemented AR elements in VR games","Advance proficiency in VR/AR SDKs and 3D modeling techniques"
"User 5","Ava","Williams","Master's degree","Computer Science","Software Development","3.9","Harvard University","5 years","2018 - Present","Full Stack Developer","Netflix","JavaScript (9/10), Python (8/10), React (8/10), MongoDB (8/10)","Backend & Frontend Development (9/10), REST APIs (9/10), Database Management (8/10)","Senior","Photography, Cycling, Blogging about tech","Tech companies, Agile workflow, Cross-functional teams","To lead a tech project in a top-tier tech company","Developed new features for Netflix's web app, Optimized app performance, Implemented REST APIs","Enhance proficiency in Python and leadership skills"
"User 6","Sophia","Brown","Bachelor's degree","Graphic Design","UX Design","3.7","Rhode Island School of Design","4 years","2019 - Present","UX Designer","Apple","Sketch (8/10), Adobe XD (9/10), InVision (8/10)","User Research (8/10), Interaction Design (8/10), Wireframing (9/10)","Mid-level","Sketching, Travel photography, Hiking","Large tech companies, Collaborative & creative teams","To become a lead UX/UI designer in a major tech company","Redesigned Apple's software interfaces, Conducted user research, Optimized the onboarding experience","Enhance proficiency in user research methodologies and inclusive design"
"User 7","Mia","Jones","PhD","Mathematics","Data Science","4.0","Massachusetts Institute of Technology","7 years","2016 - Present","Lead Data Scientist","Google","Python (9/10), R (7/10), SQL (9/10), TensorFlow (8/10)","Machine Learning (10/10), Deep Learning (9/10), Big Data Analytics (9/10)","Senior","Reading non-fiction, Chess, Soccer","Large tech companies, Data-driven culture","To innovate in the field of AI and ML","Developed predictive models for Google's ad placements, Analyzed user data for product development, Implemented AI algorithms","Enhance proficiency in deep learning techniques and leadership skills"
"User 8","Noah","Miller","Bachelor's degree","Computer Science","Metaverse Development","3.8","University of California, Berkeley","3 years","2020 - Present","Metaverse Developer","Roblox Corporation","Unity (9/10), C# (8/10), Blender (8/10), VR/AR SDKs (8/10)","3D Modeling (9/10), Virtual Reality (8/10), Game Physics (7/10)","Mid-level","Virtual reality gaming, 3D printing, Football","Gaming industry, Collaborative teams, Innovative culture","To become a lead developer in a top gaming company","Developed popular VR games in the Metaverse, Created 3D models, Implemented AR elements in VR games","Advance proficiency in VR/AR SDKs and 3D modeling techniques"
"User 9","Isabella","Davis","Master's degree","Computer Science","Software Development","3.7","Stanford University","4 years","2019 - Present","Mobile App Developer","Spotify","Swift (9/10), Kotlin (8/10), React Native (7/10)","Mobile UI Design (8/10), Backend Programming (8/10), App Testing (7/10)","Mid-level","Cooking, Yoga, Painting","Tech startups, Agile workflow, Diverse teams","To develop a widely used mobile application, lead a mobile development team","Developed new features for Spotify's mobile app, Optimized app performance, Coordinated the integration of React Native for cross-platform functionality","Seeking to learn more about cross-platform app development and take on leadership roles"
"User 10","Lucas","Anderson","Bachelor's degree","Industrial Design","UX/UI Design","3.6","Rhode Island School of Design","6 years","2017 - Present","Senior UX Designer","Facebook","Figma (9/10), Adobe XD (8/10), Sketch (8/10)","User Research (9/10), Interaction Design (9/10), Wireframing (8/10)","Senior","Graphic design, Photography, Traveling","Social media companies, Creative teams","To lead UX/UI design efforts for major tech products","Led a redesign of the Facebook mobile app, Conducted extensive user research for new features, Implemented a new color scheme improving accessibility","Seeking to take on more complex UX/UI design projects and lead a design team"
"User 11","Charlotte","Martinez","PhD","Physics","Data Science","3.9","California Institute of Technology","8 years","2015 - Present","Senior Data Scientist","SpaceX","Python (9/10), R (8/10), TensorFlow (9/10), Apache Spark (8/10)","Machine Learning (10/10), Deep Learning (9/10), Predictive Modeling (9/10)","Senior","Astronomy, Chess, Writing tech papers","Innovative companies, Space technology","To lead data science projects contributing to space exploration","Developed predictive models for rocket launches, Led a project on customer behavior analysis influencing business strategy, Mentored junior data scientists on complex statistical modeling","Seeking to stay updated on latest data science trends and enhance leadership skills in the data science field"
"User 12","Oliver","Rodriguez","Bachelor's degree","Game Design","Metaverse Development","3.7","University of Southern California","2 years","2021 - Present","Junior Metaverse Developer","Epic Games","Unity (8/10), C# (7/10), Blender (9/10), VR/AR SDKs (7/10)","3D Modeling (8/10), Virtual Reality (8/10), Game Physics (7/10)","Mid-level","Virtual reality gaming, Sci-Fi novels, Yoga","Gaming company, Collaborative team","To become a lead Metaverse Developer and create immersive AR/VR experiences","Assisted in creating a new VR game level, Developed 3D assets for the Metaverse, Collaborated in the creation of a new avatar customization system","Seeking to develop more immersive AR/VR experiences and grow in the Metaverse Development field"
"User 13","William","Garcia","Master's degree","Computer Science","Software Development","3.8","Stanford University","6 years","2017 - Present","Full Stack Developer","Twitter","JavaScript (9/10), Python (8/10), React (9/10), PostgreSQL (8/10)","Backend & Frontend Development (9/10), REST APIs (9/10), Database Management (8/10)","Senior","Mountain biking, Photography, Coding challenges","Tech companies, Agile workflow, Cross-functional teams","To lead a tech project in a top-tier tech company","Developed new features for Twitter's web app, Optimized app performance, Implemented REST APIs","Enhance proficiency in Python and leadership skills"
"User 14","James","Hernandez","Bachelor's degree","Industrial Design","UX/UI Design","3.5","Rhode Island School of Design","7 years","2016 - Present","Lead UX Designer","Snapchat","Sketch (9/10), Adobe XD (8/10), InVision (8/10)","User Research (8/10), Interaction Design (9/10), Wireframing (9/10)","Senior","Graphic design, Photography, Traveling","Social media companies, Creative teams","To lead UX/UI design efforts for major tech products","Led a redesign of Snapchat's mobile app, Conducted extensive user research for new features, Implemented a new color scheme improving accessibility","Seeking to take on more complex UX/UI design projects and lead a design team"
"User 15","Emily","Robinson","PhD","Physics","Data Science","4.0","California Institute of Technology","9 years","2014 - Present","Chief Data Scientist","Netflix","Python (10/10), R (9/10), TensorFlow (10/10), Apache Spark (9/10)","Machine Learning (10/10), Deep Learning (10/10), Predictive Modeling (10/10)","Senior","Astronomy, Chess, Writing tech papers","Innovative companies, Data-driven culture","To lead data science projects contributing to content recommendation","Developed predictive models for content recommendation, Led a project on customer behavior analysis influencing business strategy, Mentored junior data scientists on complex statistical modeling","Seeking to stay updated on latest data science trends and enhance leadership skills in the data science field"
"User 16","Oliver","Johnson","Bachelor's degree","Game Design","Metaverse Development","3.7","University of Southern California","3 years","2020 - Present","Metaverse Developer","Unity Technologies","Unity (8/10), C# (7/10), Blender (9/10), VR/AR SDKs (8/10)","3D Modeling (8/10), Virtual Reality (8/10), Game Physics (8/10)","Mid-level","Virtual reality gaming, Sci-Fi novels, Yoga","Gaming company, Collaborative team","To become a lead Metaverse Developer and create immersive AR/VR experiences","Assisted in creating a new VR game level, Developed 3D assets for the Metaverse, Collaborated in the creation of a new avatar customization system","Seeking to develop more immersive AR/VR experiences and grow in the Metaverse Development field"
"User 17","Amelia","Martinez","Master's degree","Computer Science","Software Development","3.7","Harvard University","5 years","2018 - Present","Backend Developer","Amazon","Java (9/10), Spring Boot (8/10), SQL (9/10)","Microservices (9/10), REST APIs (9/10), Database Management (9/10)","Senior","Running, Reading tech news, Painting","Tech companies, Agile workflow, Diverse teams","To lead a tech project in a top-tier tech company","Developed microservices for Amazon's web app, Optimized backend performance, Implemented REST APIs","Enhance proficiency in Java and leadership skills"
"User 18","Ava","Robinson","Master's degree","Graphic Design","UX Design","3.7","Pratt Institute","6 years","2017 - Present","Lead UX Designer","Pinterest","Sketch (9/10), Adobe XD (8/10), InVision (9/10)","User Research (8/10), Interaction Design (9/10), Wireframing (9/10)","Senior","Sketching, Photography, Traveling","Social media companies, Creative teams","To lead UX/UI design efforts for major tech products","Led a redesign of Pinterest's mobile app, Conducted extensive user research for new features, Optimized the onboarding experience","Enhance proficiency in user research methodologies and inclusive design"
"User 19","Jackson","Davis","PhD","Mathematics","Data Science","4.0","University of California, Berkeley","8 years","2015 - Present","Lead Data Scientist","LinkedIn","Python (9/10), R (8/10), TensorFlow (9/10), Apache Spark (8/10)","Machine Learning (10/10), Big Data Analytics (9/10), Predictive Modeling (10/10)","Senior","Chess, Hiking, Coding challenges","Large tech companies, Data-driven culture","To lead data science team in a major tech company","Developed predictive models for LinkedIn's ad placements, Analyzed user data for product development, Implemented AI algorithms","Enhance proficiency in deep learning techniques and leadership skills"
"User 20","Sophia","Johnson","Bachelor's degree","Game Design","Metaverse Development","3.7","University of California, Irvine","3 years","2020 - Present","Metaverse Developer","Meta","Unity (8/10), C# (8/10), Blender (8/10), VR/AR SDKs (8/10)","3D Modeling (8/10), Virtual Reality (9/10), Game Physics (8/10)","Mid-level","Virtual reality gaming, Coding challenges, Yoga","Social media companies, Collaborative teams","To become a senior Metaverse developer","Developed VR games in the Metaverse, Created 3D models for VR games, Implemented AR elements in VR games","Advance proficiency in VR/AR SDKs and 3D modeling techniques"
"User 21","Elijah","Rodriguez","Master's degree","Computer Science","Software Development","3.7","Stanford University","3 years","2020 - Present","Backend Developer","Oracle","Java (9/10), SQL (8/10), Docker (7/10)","Microservices (8/10), API Development (9/10), Continuous Integration (7/10)","Mid-level","Tennis, Video gaming, Reading Sci-fi novels","Large tech companies, Agile workflow","To become a software architect","Developed APIs for several microservices, Optimized database queries to improve efficiency by 15%, Managed Docker containerization for three large scale applications","Seeking to advance proficiency in Docker and continuous integration practices"
"User 22","William","Hernandez","Bachelor's degree","Digital Design","UX Design","3.8","Savannah College of Art and Design","4 years","2019 - Present","UX Designer","Dropbox","Figma (9/10), Adobe XD (7/10), Sketch (8/10)","User Research (8/10), Interaction Design (9/10), Wireframing (8/10)","Mid-level","Photography, Illustration, Hiking","Tech startups, Creative & collaborative teams","To become a lead UX designer in a top tech company","Led redesign of Dropbox's mobile app interface, Conducted user research influencing new feature implementation, Optimized the onboarding experience increasing user retention by 10%","Seeking to enhance proficiency in Adobe XD and user research methodologies"
"User 23","Abigail","Perry","Master's degree","Mathematics","Data Science","4.0","Massachusetts Institute of Technology","5 years","2018 - Present","Data Scientist","Twitter","Python (9/10), R (7/10), SQL (8/10), TensorFlow (8/10)","Machine Learning (9/10), Data Mining (8/10), Statistical Analysis (9/10)","Senior","Cycling, Reading tech papers, Board games","Large tech companies, Data-driven culture","To lead data science initiatives at a major tech company","Developed machine learning models to personalize user feeds, Analyzed user data to provide insights for marketing strategies, Implemented predictive models to help in ad placement","Seeking to enhance proficiency in TensorFlow and deep learning techniques"
"User 24","Mia","Evans","Bachelor's degree","Computer Science","Metaverse Development","3.8","University of California, Berkeley","2 years","2021 - Present","Metaverse Developer","Meta","Unity (9/10), C# (8/10), VR/AR SDKs (7/10)","3D Modeling (7/10), Virtual Reality (8/10), Game Physics (8/10)","Mid-level","Virtual reality gaming, 3D printing, Astronomy","Gaming companies, Innovative & collaborative culture","To become a lead developer in a top Metaverse development company","Developed a popular VR game in the Metaverse, Created intricate 3D models for virtual environments, Implemented AR elements in existing VR games","Seeking to advance proficiency in VR/AR SDKs and 3D modeling techniques"
"User 25","Liam","Wilson","Bachelor's degree","Computer Science","Software Development","3.5","University of Texas, Austin","2 years","2021 - Present","Frontend Developer","Adobe","JavaScript (9/10), React (8/10), Redux (7/10)","Frontend Development (8/10), UI Design (7/10), Testing (7/10)","Junior","Drawing, Rock climbing, Video games","Tech startups, Agile workflow, Diverse teams","To become a lead frontend developer in a top tech company","Developed new user interface features for Adobe's web app, Optimized frontend performance, Implemented unit tests for new features","Seeking to advance proficiency in Redux and testing methodologies"
"User 26","Oliver","Johnson","Bachelor's degree","Graphic Design","UX Design","3.6","Pratt Institute","5 years","2018 - Present","Senior UX Designer","Shopify","Sketch (9/10), Adobe XD (8/10), InVision (9/10)","User Research (8/10), Interaction Design (9/10), Wireframing (9/10)","Senior","Graphic design, Photography, Cycling","E-commerce companies, Creative & collaborative teams","To lead UX/UI design efforts for major tech products","Led a redesign of Shopify's mobile app interface, Conducted user research influencing new feature implementation, Optimized the onboarding experience","Seeking to take on more complex UX/UI design projects and lead a design team"
"User 27","Ava","Rodriguez","PhD","Computer Science","Data Science","4.0","University of California, Berkeley","7 years","2016 - Present","Lead Data Scientist","Airbnb","Python (9/10), R (8/10), TensorFlow (9/10), Apache Spark (8/10)","Machine Learning (10/10), Data Mining (9/10), Predictive Modeling (10/10)","Senior","Traveling, Cooking, Reading tech papers","Large tech companies, Data-driven culture","To lead data science team in a major tech company","Developed machine learning models to predict booking trends, Analyzed user data for marketing strategies, Implemented predictive models to optimize price recommendations","Seeking to stay updated on latest data science trends and enhance leadership skills"
"User 28","Sophia","Martinez","Bachelor's degree","Game Design","Metaverse Development","3.7","University of Southern California","3 years","2020 - Present","Metaverse Developer","Unity Technologies","Unity (8/10), C# (7/10), Blender (8/10), VR/AR SDKs (7/10)","3D Modeling (8/10), Virtual Reality (9/10), Game Physics (8/10)","Mid-level","Virtual reality gaming, Sculpting, Yoga","Gaming industry, Collaborative teams, Innovative culture","To become a lead Metaverse Developer and create immersive AR/VR experiences","Assisted in creating a new VR game level, Developed 3D assets for the Metaverse, Collaborated in the creation of a new avatar customization system","Seeking to develop more immersive AR/VR experiences and grow in the Metaverse Development field"
"User 29","Benjamin","Thomas","Bachelor's degree","Computer Science","Software Development","3.6","University of Washington","3 years","2020 - Present","Backend Developer","Slack","Java (8/10), Spring Boot (7/10), SQL (9/10)","Microservices (8/10), API Development (8/10), Database Management (9/10)","Mid-level","Running, Guitar, Reading Sci-fi novels","Tech startups, Agile workflow, Collaborative teams","To become a software architect in a leading tech company","Developed APIs for several microservices, Managed database schema, Optimized performance of backend services","Enhancing proficiency in Spring Boot and API development practices"
"User 30","Mia","Robinson","Master's degree","Industrial Design","UX/UI Design","3.7","Pratt Institute","6 years","2017 - Present","Senior UX Designer","Etsy","Figma (9/10), Adobe XD (8/10), Sketch (9/10)","User Research (9/10), Interaction Design (9/10), Wireframing (8/10)","Senior","Sketching, Photography, Hiking","E-commerce companies, Creative & collaborative teams","To lead UX/UI design efforts for major tech products","Led a redesign of Etsy's mobile app interface, Conducted user research influencing new feature implementation, Improved the checkout experience resulting in increased conversions","Seeking to take on more complex UX/UI design projects and lead a design team"
"User 31","Harper","Perry","PhD","Mathematics","Data Science","4.0","Massachusetts Institute of Technology","7 years","2016 - Present","Lead Data Scientist","Uber","Python (9/10), R (8/10), TensorFlow (10/10), Apache Spark (8/10)","Machine Learning (10/10), Predictive Modeling (9/10), Statistical Analysis (9/10)","Senior","Cycling, Reading tech papers, Yoga","Tech companies, Data-driven culture","To lead data science team in a major tech company","Developed machine learning models to optimize ride dispatching, Led a project to predict demand surges, Mentored junior data scientists on complex statistical modeling","Enhancing proficiency in predictive modeling and leadership skills"
"User 32","Elijah","Evans","Bachelor's degree","Game Design","Metaverse Development","3.7","University of Southern California","2 years","2021 - Present","Junior Metaverse Developer","Epic Games","Unity (8/10), C# (7/10), Blender (8/10), VR/AR SDKs (7/10)","3D Modeling (8/10), Virtual Reality (8/10), Game Physics (7/10)","Mid-level","Virtual reality gaming, Coding challenges, Sculpting","Gaming industry, Collaborative teams, Innovative culture","To become a lead Metaverse Developer and create immersive AR/VR experiences","Developed a popular VR game in the Metaverse, Created intricate 3D models for virtual environments, Implemented AR elements in existing VR games","Enhancing proficiency in VR/AR SDKs and 3D modeling techniques"
"User 33","Evelyn","Brown","Master's degree","Computer Science","Software Development","3.9","University of Michigan","6 years","2017 - Present","Full Stack Developer","Salesforce","JavaScript (9/10), Python (8/10), React (9/10), MongoDB (8/10)","Backend & Frontend Development (9/10), REST APIs (9/10), Database Management (9/10)","Senior","Hiking, Photography, Coding challenges","Tech companies, Agile workflow, Diverse teams","To lead a tech project in a top-tier tech company","Developed new features for Salesforce's web app, Optimized app performance, Implemented REST APIs","Enhance proficiency in Python and leadership skills"
"User 34","Logan","Lewis","Bachelor's degree","Graphic Design","UX Design","3.6","Rhode Island School of Design","5 years","2018 - Present","Senior UX Designer","Spotify","Sketch (9/10), Adobe XD (8/10), InVision (8/10)","User Research (8/10), Interaction Design (9/10), Wireframing (8/10)","Senior","Music, Graphic design, Photography","Tech startups, Creative & collaborative teams","To lead UX/UI design efforts for major tech products","Led a redesign of Spotify's mobile app, Conducted user research influencing new feature implementation, Optimized the onboarding experience","Enhance proficiency in user research methodologies and inclusive design"
"User 35","Aria","Walker","PhD","Statistics","Data Science","4.0","Stanford University","8 years","2015 - Present","Lead Data Scientist","Twitter","Python (10/10), R (9/10), TensorFlow (9/10), Apache Spark (8/10)","Machine Learning (10/10), Predictive Modeling (10/10), Statistical Analysis (10/10)","Senior","Reading tech papers, Chess, Yoga","Large tech companies, Data-driven culture","To lead data science team in a major tech company","Developed predictive models for Twitter's ad placements, Analyzed user data for product development, Implemented AI algorithms","Enhance proficiency in TensorFlow and deep learning techniques"
"User 36","Mason","Hall","Bachelor's degree","Game Design","Metaverse Development","3.7","University of California, Irvine","4 years","2019 - Present","Metaverse Developer","Roblox Corporation","Unity (8/10), C# (8/10), Blender (9/10), VR/AR SDKs (8/10)","3D Modeling (8/10), Virtual Reality (9/10), Game Physics (8/10)","Mid-level","Virtual reality gaming, 3D printing, Astronomy","Gaming industry, Collaborative teams, Innovative culture","To become a lead Metaverse Developer and create immersive AR/VR experiences","Developed a popular VR game in the Metaverse, Created intricate 3D models for virtual environments, Implemented AR elements in existing VR games","Advance proficiency in VR/AR SDKs and 3D modeling techniques"
"User 37","Michael","Roberts","Bachelor's degree","Computer Science","Software Development","3.8","University of Illinois at Urbana-Champaign","2 years","2021 - Present","Frontend Developer","Adobe","JavaScript (8/10), Vue.js (7/10), CSS (8/10)","Frontend Development (8/10), Responsive Design (7/10), Testing (7/10)","Junior","Football, Playing guitar, Video games","Tech startups, Agile workflow, Collaborative teams","To become a full-stack developer in a leading tech company","Developed user interface components for Adobe's web app, Optimized frontend performance, Implemented unit tests for new features","Seeking to learn more about backend development and testing methodologies"
"User 38","Isabella","Patterson","Bachelor's degree","Digital Design","UX Design","3.5","Savannah College of Art and Design","5 years","2018 - Present","Senior UX Designer","Airbnb","Figma (9/10), Adobe XD (7/10), Sketch (8/10)","User Research (8/10), Interaction Design (8/10), Wireframing (9/10)","Senior","Sketching, Travelling, Photography","Tech startups, Creative & collaborative teams","To lead UX/UI design efforts for major tech products","Led a redesign of Airbnb's mobile app interface, Conducted user research influencing new feature implementation, Improved the booking experience resulting in increased conversions","Seeking to take on more complex UX/UI design projects and lead a design team"
"User 39","Ella","Phillips","Master's degree","Mathematics","Data Science","4.0","Harvard University","6 years","2017 - Present","Data Scientist","Amazon","Python (9/10), R (8/10), TensorFlow (9/10), Apache Spark (8/10)","Machine Learning (9/10), Data Mining (8/10), Predictive Modeling (9/10)","Senior","Reading novels, Cycling, Coding challenges","Large tech companies, Data-driven culture","To lead data science team in a major tech company","Developed machine learning models to predict product trends, Analyzed user data for marketing strategies, Implemented predictive models to optimize product recommendations","Seeking to enhance proficiency in TensorFlow and leadership skills"
"User 40","Ethan","Mitchell","Bachelor's degree","Computer Graphics","Metaverse Development","3.6","University of Southern California","3 years","2020 - Present","Metaverse Developer","Epic Games","Unity (8/10), C# (8/10), Blender (8/10), VR/AR SDKs (8/10)","3D Modeling (8/10), Virtual Reality (8/10), Game Physics (7/10)","Mid-level","Virtual reality gaming, Coding challenges, Drawing","Gaming industry, Collaborative teams, Innovative culture","To become a senior Metaverse developer","Developed a popular VR game in the Metaverse, Created intricate 3D models for virtual environments, Implemented AR elements in existing VR games","Advance proficiency in VR/AR SDKs and 3D modeling techniques"
"User 41","Charlie","Campbell","Bachelor's degree","Computer Science","Software Development","3.7","University of Texas, Austin","4 years","2019 - Present","Backend Developer","Shopify","Ruby (9/10), Rails (8/10), SQL (8/10)","API Development (9/10), Microservices (8/10), Database Management (9/10)","Mid-level","Reading, Hiking, Coding challenges","Tech startups, Agile workflow, Diverse teams","To become a software architect in a top-tier tech company","Developed APIs for Shopify's microservices, Managed database schema, Optimized performance of backend services","Enhancing proficiency in Rails and microservices"
"User 42","Oliver","Adams","Bachelor's degree","Graphic Design","UX Design","3.6","Parsons School of Design","5 years","2018 - Present","Senior UX Designer","Netflix","Sketch (9/10), Adobe XD (8/10), InVision (8/10)","User Research (8/10), Interaction Design (9/10), Wireframing (9/10)","Senior","Sketching, Photography, Travelling","Tech startups, Creative & collaborative teams","To lead UX/UI design efforts for major tech products","Led a redesign of Netflix's mobile app interface, Conducted user research influencing new feature implementation, Optimized the onboarding experience","Enhance proficiency in user research methodologies and inclusive design"
"User 43","Liam","Collins","PhD","Computer Science","Data Science","4.0","University of California, Berkeley","7 years","2016 - Present","Lead Data Scientist","Facebook","Python (9/10), R (9/10), TensorFlow (9/10), Apache Spark (8/10)","Machine Learning (10/10), Deep Learning (9/10), Predictive Modeling (10/10)","Senior","Reading tech papers, Hiking, Coding challenges","Large tech companies, Data-driven culture","To lead data science team in a major tech company","Developed machine learning models for Facebook's ad placements, Analyzed user data for product development, Implemented AI algorithms","Enhance proficiency in deep learning techniques and leadership skills"
"User 44","Sophia","Henderson","Bachelor's degree","Game Design","Metaverse Development","3.7","University of Southern California","3 years","2020 - Present","Metaverse Developer","Unity Technologies","Unity (8/10), C# (7/10), Blender (8/10), VR/AR SDKs (7/10)","3D Modeling (8/10), Virtual Reality (8/10), Game Physics (8/10)","Mid-level","Virtual reality gaming, Coding challenges, Sculpting","Gaming industry, Collaborative teams, Innovative culture","To become a senior Metaverse developer","Developed a popular VR game in the Metaverse, Created intricate 3D models for virtual environments, Implemented AR elements in existing VR games","Advance proficiency in VR/AR SDKs and 3D modeling techniques"
"User 45","James","Griffin","Master's degree","Computer Science","Software Development","3.8","University of California, Berkeley","4 years","2019 - Present","Frontend Developer","Slack","JavaScript (8/10), Angular (7/10), CSS (8/10)","Frontend Development (8/10), UI Design (8/10), Testing (7/10)","Mid-level","Photography, Football, Reading novels","Tech startups, Agile workflow, Collaborative teams","To become a full-stack developer in a leading tech company","Developed user interface components for Slack's web app, Optimized frontend performance, Implemented unit tests for new features","Enhancing proficiency in Angular and testing methodologies"
"User 46","Evelyn","Brooks","Master's degree","Digital Design","UX Design","3.7","Savannah College of Art and Design","6 years","2017 - Present","Senior UX Designer","Pinterest","Figma (9/10), Adobe XD (8/10), Sketch (8/10)","User Research (8/10), Interaction Design (9/10), Wireframing (9/10)","Senior","Drawing, Photography, Hiking","Tech startups, Creative & collaborative teams","To lead UX/UI design efforts for major tech products","Led a redesign of Pinterest's mobile app interface, Conducted user research influencing new feature implementation, Optimized the onboarding experience","Enhance proficiency in user research methodologies and inclusive design"
"User 47","Charlotte","Cooper","PhD","Mathematics","Data Science","4.0","University of Oxford","7 years","2016 - Present","Lead Data Scientist","Google","Python (10/10), R (9/10), TensorFlow (10/10), Apache Spark (9/10)","Machine Learning (10/10), Big Data Analytics (9/10), Predictive Modeling (10/10)","Senior","Reading tech papers, Chess, Yoga","Large tech companies, Data-driven culture","To lead data science team in a major tech company","Developed predictive models for Google's ad placements, Analyzed user data for product development, Implemented AI algorithms","Enhance proficiency in TensorFlow and deep learning techniques"
"User 48","Lucas","Bennett","Bachelor's degree","Game Design","Metaverse Development","3.7","University of Southern California","2 years","2021 - Present","Junior Metaverse Developer","Epic Games","Unity (8/10), C# (7/10), Blender (8/10), VR/AR SDKs (7/10)","3D Modeling (8/10), Virtual Reality (8/10), Game Physics (8/10)","Mid-level","Virtual reality gaming, Reading Sci-fi novels, Sculpting","Gaming industry, Collaborative teams, Innovative culture","To become a lead Metaverse Developer and create immersive AR/VR experiences","Developed a popular VR game in the Metaverse, Created intricate 3D models for virtual environments, Implemented AR elements in existing VR games","Advance proficiency in VR/AR SDKs and 3D modeling techniques"
"User 49","Emma","Reed","Bachelor's degree","Computer Science","Software Development","3.8","Massachusetts Institute of Technology","3 years","2020 - Present","Backend Developer","Microsoft","C++ (9/10), .NET (8/10), SQL (9/10)","Backend Development (9/10), API Development (8/10), Database Management (9/10)","Mid-level","Playing piano, Hiking, Coding challenges","Large tech companies, Collaborative teams","To become a software architect in a top-tier tech company","Developed backend solutions for Microsoft's cloud platform, Optimized database queries for improved performance, Implemented RESTful APIs","Enhancing proficiency in .NET framework and database management"
"User 50","Olivia","Cook","Bachelor's degree","Graphic Design","UX Design","3.6","Rhode Island School of Design","5 years","2018 - Present","Senior UX Designer","Apple","Sketch (9/10), Adobe XD (8/10), InVision (8/10)","User Research (8/10), Interaction Design (9/10), Wireframing (8/10)","Senior","Illustration, Photography, Travelling","Tech companies, Creative teams","To lead UX/UI design efforts for major tech products","Led a redesign of Apple's mobile app interface, Conducted user research influencing new feature implementation, Optimized the onboarding experience","Enhance proficiency in user research methodologies and inclusive design"
"User 51","Henry","Wright","PhD","Computer Science","Data Science","4.0","Stanford University","8 years","2015 - Present","Lead Data Scientist","Microsoft","Python (9/10), R (8/10), TensorFlow (9/10), Apache Spark (8/10)","Machine Learning (10/10), Big Data Analytics (9/10), Predictive Modeling (9/10)","Senior","Reading tech papers, Playing guitar, Hiking","Large tech companies, Data-driven culture","To lead data science team in a major tech company","Developed machine learning models for Microsoft's Azure services, Analyzed user data for product development, Implemented AI algorithms","Enhance proficiency in deep learning techniques and leadership skills"
"User 52","Aiden","Ross","Bachelor's degree","Game Design","Metaverse Development","3.7","University of California, Irvine","4 years","2019 - Present","Metaverse Developer","Roblox Corporation","Roblox Studio (9/10), Lua (8/10), Blender (8/10), VR/AR SDKs (7/10)","Game Development (9/10), Virtual Reality (8/10), 3D Modeling (8/10)","Mid-level","Virtual reality gaming, Coding challenges, Drawing","Gaming industry, Collaborative teams, Innovative culture","To become a senior Metaverse Developer and create immersive AR/VR experiences","Developed interactive games in Roblox, Created 3D models for virtual environments, Implemented VR elements in existing games","Advance proficiency in VR/AR SDKs and 3D modeling techniques"
"User 53","Liam","Richardson","Master's degree","Computer Science","Software Development","3.8","University of California, Berkeley","4 years","2019 - Present","Full Stack Developer","Google","JavaScript (9/10), Node.js (8/10), MongoDB (8/10)","Backend & Frontend Development (9/10), REST APIs (8/10), Database Management (8/10)","Mid-level","Playing guitar, Reading books, Coding challenges","Tech startups, Agile workflow, Collaborative teams","To become a software architect in a leading tech company","Developed full-stack solutions for Google's web applications, Optimized database queries for improved performance, Implemented RESTful APIs","Enhancing proficiency in Node.js and database management"
"User 54","Sophia","Gonzalez","Bachelor's degree","Graphic Design","UX Design","3.7","Rhode Island School of Design","5 years","2018 - Present","Senior UX Designer","IBM","Sketch (9/10), Adobe XD (8/10), InVision (9/10)","User Research (9/10), Interaction Design (8/10), Wireframing (8/10)","Senior","Drawing, Photography, Traveling","Tech startups, Creative & collaborative teams","To lead UX/UI design efforts for major tech products","Led a redesign of IBM's enterprise software interface, Conducted user research influencing new feature implementation, Optimized the onboarding experience","Enhance proficiency in user research methodologies and inclusive design"
"User 55","Mia","Turner","PhD","Mathematics","Data Science","4.0","Massachusetts Institute of Technology","7 years","2016 - Present","Lead Data Scientist","Intel","Python (10/10), R (9/10), TensorFlow (9/10), Apache Spark (9/10)","Machine Learning (10/10), Big Data Analytics (9/10), Predictive Modeling (9/10)","Senior","Playing piano, Hiking, Reading tech papers","Large tech companies, Data-driven culture","To lead data science team in a major tech company","Developed machine learning models for Intel's predictive maintenance, Analyzed large-scale data for insights, Implemented AI algorithms for anomaly detection","Enhance proficiency in deep learning techniques and leadership skills"
"User 56","Ava","Carter","Bachelor's degree","Game Design","Metaverse Development","3.7","University of Southern California","3 years","2020 - Present","Metaverse Developer","Unity Technologies","Unity (8/10), C# (8/10), Blender (8/10), VR/AR SDKs (8/10)","3D Modeling (8/10), Virtual Reality (8/10), Game Physics (8/10)","Mid-level","Virtual reality gaming, Sculpting, Coding challenges","Gaming industry, Collaborative teams, Innovative culture","To become a lead Metaverse Developer and create immersive AR/VR experiences","Developed VR games using Unity, Created 3D models for virtual environments, Implemented interactive gameplay mechanics","Advance proficiency in VR/AR SDKs and 3D modeling techniques"
"User 57","Oliver","Lee","Bachelor's degree","Computer Science","Software Development","3.9","Stanford University","2 years","2021 - Present","Frontend Developer","Netflix","JavaScript (9/10), React (8/10), CSS (8/10)","Frontend Development (9/10), UI/UX Design (8/10), Testing (7/10)","Mid-level","Photography, Hiking, Watching movies","Tech startups, Agile workflow, Collaborative teams","To become a full-stack developer in a leading tech company","Developed user interface components for Netflix's web app, Optimized frontend performance, Implemented unit tests for new features","Seeking to enhance proficiency in React and testing methodologies"
"User 58","Aria","Phillips","Bachelor's degree","Graphic Design","UX Design","3.6","Savannah College of Art and Design","5 years","2018 - Present","Senior UX Designer","Twitter","Figma (9/10), Adobe XD (8/10), Sketch (8/10)","User Research (9/10), Interaction Design (8/10), Wireframing (8/10)","Senior","Illustration, Photography, Traveling","Tech startups, Creative & collaborative teams","To lead UX/UI design efforts for major tech products","Led a redesign of Twitter's mobile app interface, Conducted user research influencing new feature implementation, Optimized the onboarding experience","Seeking to take on more complex UX/UI design projects and lead a design team"
"User 59","Ethan","Hill","PhD","Computer Science","Data Science","4.0","University of California, Berkeley","8 years","2015 - Present","Lead Data Scientist","Amazon","Python (9/10), R (8/10), TensorFlow (9/10), Apache Spark (8/10)","Machine Learning (10/10), Big Data Analytics (9/10), Predictive Modeling (9/10)","Senior","Playing guitar, Hiking, Reading tech papers","Large tech companies, Data-driven culture","To lead data science team in a major tech company","Developed machine learning models for Amazon's recommendation system, Analyzed user data for product development, Implemented AI algorithms for demand forecasting","Seeking to enhance proficiency in deep learning techniques and leadership skills"
"User 60","Mila","Mitchell","Bachelor's degree","Game Design","Metaverse Development","3.7","University of California, Irvine","3 years","2020 - Present","Metaverse Developer","Roblox Corporation","Roblox Studio (9/10), Lua (8/10), Blender (8/10), VR/AR SDKs (7/10)","Game Development (8/10), Virtual Reality (8/10), 3D Modeling (8/10)","Mid-level","Virtual reality gaming, Drawing, Coding challenges","Gaming industry, Collaborative teams, Innovative culture","To become a lead Metaverse Developer and create immersive AR/VR experiences","Developed interactive games in Roblox, Created 3D models for virtual environments, Implemented VR elements in existing games","Seeking to advance proficiency in VR/AR SDKs and 3D modeling techniques"
"User 61","Lucas","Young","Bachelor's degree","Computer Science","Software Development","3.8","University of Washington","3 years","2020 - Present","Backend Developer","Adobe","Java (9/10), Spring Boot (8/10), SQL (8/10)","Backend Development (9/10), API Development (8/10), Database Management (8/10)","Mid-level","Playing piano, Hiking, Coding challenges","Tech startups, Agile workflow, Collaborative teams","To become a software architect in a leading tech company","Developed backend solutions for Adobe's web applications, Optimized database queries for improved performance, Implemented RESTful APIs","Seeking to enhance proficiency in Spring Boot and database management"
"User 62","Ella","Hall","Bachelor's degree","Graphic Design","UX Design","3.7","Rhode Island School of Design","5 years","2018 - Present","Senior UX Designer","Microsoft","Sketch (9/10), Adobe XD (8/10), InVision (8/10)","User Research (9/10), Interaction Design (8/10), Wireframing (8/10)","Senior","Drawing, Photography, Traveling","Tech startups, Creative & collaborative teams","To lead UX/UI design efforts for major tech products","Led a redesign of Microsoft's software interface, Conducted user research influencing new feature implementation, Optimized the onboarding experience","Seeking to take on more complex UX/UI design projects and lead a design team"
"User 63","Mason","Baker","PhD","Mathematics","Data Science","4.0","Massachusetts Institute of Technology","7 years","2016 - Present","Lead Data Scientist","Google","Python (10/10), R (9/10), TensorFlow (9/10), Apache Spark (9/10)","Machine Learning (10/10), Big Data Analytics (9/10), Predictive Modeling (9/10)","Senior","Playing chess, Reading tech papers, Yoga","Large tech companies, Data-driven culture","To lead data science team in a major tech company","Developed machine learning models for Google's recommendation system, Analyzed user data for product development, Implemented AI algorithms for fraud detection","Seeking to enhance proficiency in deep learning techniques and leadership skills"
"User 64","Avery","Lewis","Bachelor's degree","Game Design","Metaverse Development","3.7","University of California, Irvine","4 years","2019 - Present","Metaverse Developer","Unity Technologies","Unity (8/10), C# (8/10), Blender (8/10), VR/AR SDKs (7/10)","3D Modeling (8/10), Virtual Reality (8/10), Game Physics (8/10)","Mid-level","Virtual reality gaming, Drawing, Coding challenges","Gaming industry, Collaborative teams, Innovative culture","To become a senior Metaverse Developer and create immersive AR/VR experiences","Developed VR games using Unity, Created 3D models for virtual environments, Implemented interactive gameplay mechanics","Seeking to advance proficiency in VR/AR SDKs and 3D modeling techniques"
"User 65","Luna","Bennett","Master's degree","Computer Science","Software Development","3.9","University of California, Berkeley","4 years","2019 - Present","Frontend Developer","Amazon","JavaScript (9/10), React (8/10), CSS (8/10)","Frontend Development (9/10), UI/UX Design (8/10), Testing (7/10)","Mid-level","Photography, Hiking, Reading books","Tech startups, Agile workflow, Collaborative teams","To become a full-stack developer in a leading tech company","Developed user interface components for Amazon's web applications, Optimized frontend performance, Implemented unit tests for new features","Seeking to enhance proficiency in React and testing methodologies"
"User 66","Scarlett","Turner","Bachelor's degree","Graphic Design","UX Design","3.7","Savannah College of Art and Design","5 years","2018 - Present","Senior UX Designer","IBM","Sketch (9/10), Adobe XD (8/10), InVision (8/10)","User Research (9/10), Interaction Design (8/10), Wireframing (8/10)","Senior","Illustration, Photography, Traveling","Tech startups, Creative & collaborative teams","To lead UX/UI design efforts for major tech products","Led a redesign of IBM's mobile app interface, Conducted user research influencing new feature implementation, Optimized the onboarding experience","Seeking to take on more complex UX/UI design projects and lead a design team"
"User 67","Jackson","Parker","PhD","Computer Science","Data Science","4.0","Stanford University","8 years","2015 - Present","Lead Data Scientist","Microsoft","Python (10/10), R (9/10), TensorFlow (9/10), Apache Spark (9/10)","Machine Learning (10/10), Big Data Analytics (9/10), Predictive Modeling (9/10)","Senior","Playing guitar, Hiking, Reading tech papers","Large tech companies, Data-driven culture","To lead data science team in a major tech company","Developed machine learning models for Microsoft's recommendation system, Analyzed user data for product development, Implemented AI algorithms for sentiment analysis","Seeking to enhance proficiency in deep learning techniques and leadership skills"
"User 68","Levi","Hill","Bachelor's degree","Game Design","Metaverse Development","3.7","University of California, Irvine","3 years","2020 - Present","Metaverse Developer","Roblox Corporation","Roblox Studio (9/10), Lua (8/10), Blender (8/10), VR/AR SDKs (7/10)","Game Development (8/10), Virtual Reality (8/10), 3D Modeling (8/10)","Mid-level","Virtual reality gaming, Coding challenges, Drawing","Gaming industry, Collaborative teams, Innovative culture","To become a senior Metaverse Developer and create immersive AR/VR experiences","Developed interactive games in Roblox, Created 3D models for virtual environments, Implemented VR elements in existing games","Seeking to advance proficiency in VR/AR SDKs and 3D modeling techniques"
"User 69","Sebastian","Morgan","Bachelor's degree","Computer Science","Software Development","3.8","University of California, Los Angeles","3 years","2020 - Present","Backend Developer","Google","Java (9/10), Spring Boot (8/10), SQL (8/10)","Backend Development (9/10), API Development (8/10), Database Management (8/10)","Mid-level","Playing guitar, Hiking, Coding challenges","Tech startups, Agile workflow, Collaborative teams","To become a software architect in a leading tech company","Developed backend solutions for Google's web applications, Optimized database queries for improved performance, Implemented RESTful APIs","Seeking to enhance proficiency in Spring Boot and database management"
"User 70","Lily","Reed","Bachelor's degree","Graphic Design","UX Design","3.6","Savannah College of Art and Design","4 years","2019 - Present","Senior UX Designer","Apple","Sketch (9/10), Adobe XD (8/10), InVision (8/10)","User Research (8/10), Interaction Design (9/10), Wireframing (8/10)","Senior","Illustration, Photography, Travelling","Tech startups, Creative & collaborative teams","To lead UX/UI design efforts for major tech products","Led a redesign of Apple's mobile app interface, Conducted user research influencing new feature implementation, Optimized the onboarding experience","Seeking to take on more complex UX/UI design projects and lead a design team"
"User 71","Benjamin","Stewart","PhD","Mathematics","Data Science","4.0","Massachusetts Institute of Technology","6 years","2017 - Present","Lead Data Scientist","Facebook","Python (10/10), R (9/10), TensorFlow (9/10), Apache Spark (8/10)","Machine Learning (10/10), Big Data Analytics (9/10), Predictive Modeling (9/10)","Senior","Playing piano, Reading tech papers, Yoga","Large tech companies, Data-driven culture","To lead data science team in a major tech company","Developed machine learning models for Facebook's recommendation system, Analyzed user data for product development, Implemented AI algorithms for content moderation","Seeking to enhance proficiency in deep learning techniques and leadership skills"
"User 72","Amelia","Watson","Bachelor's degree","Game Design","Metaverse Development","3.7","University of Southern California","3 years","2020 - Present","Metaverse Developer","Unity Technologies","Unity (8/10), C# (8/10), Blender (8/10), VR/AR SDKs (7/10)","3D Modeling (8/10), Virtual Reality (8/10), Game Physics (8/10)","Mid-level","Virtual reality gaming, Coding challenges, Drawing","Gaming industry, Collaborative teams, Innovative culture","To become a senior Metaverse Developer and create immersive AR/VR experiences","Developed VR games using Unity, Created 3D models for virtual environments, Implemented interactive gameplay mechanics","Seeking to advance proficiency in VR/AR SDKs and 3D modeling techniques"
"User 73","Leo","Campbell","Master's degree","Computer Science","Software Development","3.9","Stanford University","2 years","2021 - Present","Frontend Developer","Netflix","JavaScript (9/10), React (8/10), CSS (8/10)","Frontend Development (9/10), UI/UX Design (8/10), Testing (7/10)","Mid-level","Photography, Hiking, Reading books","Tech startups, Agile workflow, Collaborative teams","To become a full-stack developer in a leading tech company","Developed user interface components for Netflix's web app, Optimized frontend performance, Implemented unit tests for new features","Seeking to enhance proficiency in React and testing methodologies"
"User 74","Chloe","Collins","Bachelor's degree","Graphic Design","UX Design","3.7","Savannah College of Art and Design","5 years","2018 - Present","Senior UX Designer","Microsoft","Sketch (9/10), Adobe XD (8/10), InVision (8/10)","User Research (9/10), Interaction Design (8/10), Wireframing (8/10)","Senior","Illustration, Photography, Travelling","Tech startups, Creative & collaborative teams","To lead UX/UI design efforts for major tech products","Led a redesign of Microsoft's mobile app interface, Conducted user research influencing new feature implementation, Optimized the onboarding experience","Seeking to take on more complex UX/UI design projects and lead a design team"
"User 75","Harper","Wright","PhD","Computer Science","Data Science","4.0","University of California, Berkeley","7 years","2016 - Present","Lead Data Scientist","Amazon","Python (10/10), R (9/10), TensorFlow (9/10), Apache Spark (9/10)","Machine Learning (10/10), Big Data Analytics (9/10), Predictive Modeling (9/10)","Senior","Playing piano, Hiking, Reading tech papers","Large tech companies, Data-driven culture","To lead data science team in a major tech company","Developed machine learning models for Amazon's recommendation system, Analyzed user data for product development, Implemented AI algorithms for demand forecasting","Seeking to enhance proficiency in deep learning techniques and leadership skills"
"User 76","Mila","Hill","Bachelor's degree","Game Design","Metaverse Development","3.7","University of California, Irvine","4 years","2019 - Present","Metaverse Developer","Roblox Corporation","Roblox Studio (9/10), Lua (8/10), Blender (8/10), VR/AR SDKs (7/10)","Game Development (8/10), Virtual Reality (8/10), 3D Modeling (8/10)","Mid-level","Virtual reality gaming, Coding challenges, Drawing","Gaming industry, Collaborative teams, Innovative culture","To become a senior Metaverse Developer and create immersive AR/VR experiences","Developed interactive games in Roblox, Created 3D models for virtual environments, Implemented VR elements in existing games","Seeking to advance proficiency in VR/AR SDKs and 3D modeling techniques"
"User 77","Zoe","Mitchell","Master's degree","Computer Science","Software Development","3.8","University of California, Berkeley","3 years","2020 - Present","Backend Developer","Facebook","Java (9/10), Spring Boot (8/10), SQL (8/10)","Backend Development (9/10), API Development (8/10), Database Management (8/10)","Mid-level","Playing guitar, Hiking, Coding challenges","Tech startups, Agile workflow, Collaborative teams","To become a software architect in a leading tech company","Developed backend solutions for Facebook's web applications, Optimized database queries for improved performance, Implemented RESTful APIs","Seeking to enhance proficiency in Spring Boot and database management"
"User 78","Avery","Howard","Bachelor's degree","Graphic Design","UX Design","3.6","Rhode Island School of Design","4 years","2019 - Present","Senior UX Designer","Google","Sketch (9/10), Adobe XD (8/10), InVision (8/10)","User Research (9/10), Interaction Design (8/10), Wireframing (8/10)","Senior","Illustration, Photography, Travelling","Tech startups, Creative & collaborative teams","To lead UX/UI design efforts for major tech products","Led a redesign of Google's mobile app interface, Conducted user research influencing new feature implementation, Optimized the onboarding experience","Seeking to take on more complex UX/UI design projects and lead a design team"
"User 79","Elijah","Watson","PhD","Mathematics","Data Science","4.0","Stanford University","6 years","2017 - Present","Lead Data Scientist","Facebook","Python (10/10), R (9/10), TensorFlow (9/10), Apache Spark (9/10)","Machine Learning (10/10), Big Data Analytics (9/10), Predictive Modeling (9/10)","Senior","Playing piano, Hiking, Reading tech papers","Large tech companies, Data-driven culture","To lead data science team in a major tech company","Developed machine learning models for Facebook's recommendation system, Analyzed user data for product development, Implemented AI algorithms for sentiment analysis","Seeking to enhance proficiency in deep learning techniques and leadership skills"
"User 80","Evelyn","Butler","Bachelor's degree","Game Design","Metaverse Development","3.7","University of Southern California","3 years","2020 - Present","Metaverse Developer","Unity Technologies","Unity (8/10), C# (8/10), Blender (8/10), VR/AR SDKs (7/10)","Game Development (8/10), Virtual Reality (8/10), 3D Modeling (8/10)","Mid-level","Virtual reality gaming, Coding challenges, Drawing","Gaming industry, Collaborative teams, Innovative culture","To become a senior Metaverse Developer and create immersive AR/VR experiences","Developed interactive games in Unity, Created 3D models for virtual environments, Implemented VR elements in existing games","Seeking to advance proficiency in VR/AR SDKs and 3D modeling techniques"
"User 81","Emily","Harrison","Bachelor's degree","Computer Science","Software Development","3.8","Massachusetts Institute of Technology","3 years","2020 - Present","Frontend Developer","Netflix","JavaScript (9/10), React (8/10), CSS (8/10)","Frontend Development (9/10), UI/UX Design (8/10), Testing (7/10)","Mid-level","Photography, Hiking, Reading books","Tech startups, Agile workflow, Collaborative teams","To become a full-stack developer in a leading tech company","Developed user interface components for Netflix's web app, Optimized frontend performance, Implemented unit tests for new features","Seeking to enhance proficiency in React and testing methodologies"
"User 82","Scarlett","Campbell","Bachelor's degree","Graphic Design","UX Design","3.7","Savannah College of Art and Design","5 years","2018 - Present","Senior UX Designer","Microsoft","Sketch (9/10), Adobe XD (8/10), InVision (8/10)","User Research (9/10), Interaction Design (8/10), Wireframing (8/10)","Senior","Illustration, Photography, Travelling","Tech startups, Creative & collaborative teams","To lead UX/UI design efforts for major tech products","Led a redesign of Microsoft's mobile app interface, Conducted user research influencing new feature implementation, Optimized the onboarding experience","Seeking to take on more complex UX/UI design projects and lead a design team"
"User 83","Daniel","Stewart","PhD","Mathematics","Data Science","4.0","University of California, Berkeley","7 years","2016 - Present","Lead Data Scientist","Amazon","Python (10/10), R (9/10), TensorFlow (9/10), Apache Spark (9/10)","Machine Learning (10/10), Big Data Analytics (9/10), Predictive Modeling (9/10)","Senior","Playing guitar, Hiking, Reading tech papers","Large tech companies, Data-driven culture","To lead data science team in a major tech company","Developed machine learning models for Amazon's recommendation system, Analyzed user data for product development, Implemented AI algorithms for demand forecasting","Seeking to enhance proficiency in deep learning techniques and leadership skills"
"User 84","Henry","Hill","Bachelor's degree","Game Design","Metaverse Development","3.7","University of California, Irvine","4 years","2019 - Present","Metaverse Developer","Roblox Corporation","Roblox Studio (9/10), Lua (8/10), Blender (8/10), VR/AR SDKs (7/10)","Game Development (8/10), Virtual Reality (8/10), 3D Modeling (8/10)","Mid-level","Virtual reality gaming, Coding challenges, Drawing","Gaming industry, Collaborative teams, Innovative culture","To become a senior Metaverse Developer and create immersive AR/VR experiences","Developed interactive games in Roblox, Created 3D models for virtual environments, Implemented VR elements in existing games","Seeking to advance proficiency in VR/AR SDKs and 3D modeling techniques"
"User 85","Alexander","Baker","Master's degree","Computer Science","Software Development","3.9","University of California, Berkeley","2 years","2021 - Present","Backend Developer","Google","Java (9/10), Spring Boot (8/10), SQL (8/10)","Backend Development (9/10), API Development (8/10), Database Management (8/10)","Mid-level","Playing guitar, Hiking, Coding challenges","Tech startups, Agile workflow, Collaborative teams","To become a software architect in a leading tech company","Developed backend solutions for Google's web applications, Optimized database queries for improved performance, Implemented RESTful APIs","Seeking to enhance proficiency in Spring Boot and database management"
"User 86","Mia","Ross","Bachelor's degree","Graphic Design","UX Design","3.6","Rhode Island School of Design","5 years","2018 - Present","Senior UX Designer","Apple","Sketch (9/10), Adobe XD (8/10), InVision (8/10)","User Research (9/10), Interaction Design (8/10), Wireframing (8/10)","Senior","Illustration, Photography, Travelling","Tech startups, Creative & collaborative teams","To lead UX/UI design efforts for major tech products","Led a redesign of Apple's mobile app interface, Conducted user research influencing new feature implementation, Optimized the onboarding experience","Seeking to take on more complex UX/UI design projects and lead a design team"
"User 87","James","Reed","PhD","Mathematics","Data Science","4.0","Stanford University","6 years","2017 - Present","Lead Data Scientist","Microsoft","Python (10/10), R (9/10), TensorFlow (9/10), Apache Spark (9/10)","Machine Learning (10/10), Big Data Analytics (9/10), Predictive Modeling (9/10)","Senior","Playing piano, Hiking, Reading tech papers","Large tech companies, Data-driven culture","To lead data science team in a major tech company","Developed machine learning models for Microsoft's recommendation system, Analyzed user data for product development, Implemented AI algorithms for sentiment analysis","Seeking to enhance proficiency in deep learning techniques and leadership skills"
"User 88","Charlotte","Wood","Bachelor's degree","Game Design","Metaverse Development","3.7","University of Southern California","3 years","2020 - Present","Metaverse Developer","Unity Technologies","Unity (8/10), C# (8/10), Blender (8/10), VR/AR SDKs (7/10)","Game Development (8/10), Virtual Reality (8/10), 3D Modeling (8/10)","Mid-level","Virtual reality gaming, Coding challenges, Drawing","Gaming industry, Collaborative teams, Innovative culture","To become a senior Metaverse Developer and create immersive AR/VR experiences","Developed interactive games in Unity, Created 3D models for virtual environments, Implemented VR elements in existing games","Seeking to advance proficiency in VR/AR SDKs and 3D modeling techniques"
"User 89","Michael","Hall","Bachelor's degree","Computer Science","Software Development","3.8","University of California, Los Angeles","3 years","2020 - Present","Frontend Developer","Facebook","JavaScript (9/10), React (8/10), CSS (8/10)","Frontend Development (9/10), UI/UX Design (8/10), Testing (7/10)","Mid-level","Photography, Hiking, Reading books","Tech startups, Agile workflow, Collaborative teams","To become a full-stack developer in a leading tech company","Developed user interface components for Facebook's web app, Optimized frontend performance, Implemented unit tests for new features","Seeking to enhance proficiency in React and testing methodologies"
"User 90","Sophia","Wright","Bachelor's degree","Graphic Design","UX Design","3.7","Savannah College of Art and Design","5 years","2018 - Present","Senior UX Designer","Google","Sketch (9/10), Adobe XD (8/10), InVision (8/10)","User Research (9/10), Interaction Design (8/10), Wireframing (8/10)","Senior","Illustration, Photography, Travelling","Tech startups, Creative & collaborative teams","To lead UX/UI design efforts for major tech products","Led a redesign of Google's mobile app interface, Conducted user research influencing new feature implementation, Optimized the onboarding experience","Seeking to take on more complex UX/UI design projects and lead a design team"
"User 91","Daniel","Parker","PhD","Mathematics","Data Science","4.0","University of California, Berkeley","7 years","2016 - Present","Lead Data Scientist","Amazon","Python (10/10), R (9/10), TensorFlow (9/10), Apache Spark (9/10)","Machine Learning (10/10), Big Data Analytics (9/10), Predictive Modeling (9/10)","Senior","Playing guitar, Hiking, Reading tech papers","Large tech companies, Data-driven culture","To lead data science team in a major tech company","Developed machine learning models for Amazon's recommendation system, Analyzed user data for product development, Implemented AI algorithms for demand forecasting","Seeking to enhance proficiency in deep learning techniques and leadership skills"
"User 92","Olivia","Ross","Bachelor's degree","Game Design","Metaverse Development","3.7","University of California, Irvine","4 years","2019 - Present","Metaverse Developer","Roblox Corporation","Roblox Studio (9/10), Lua (8/10), Blender (8/10), VR/AR SDKs (7/10)","Game Development (8/10), Virtual Reality (8/10), 3D Modeling (8/10)","Mid-level","Virtual reality gaming, Coding challenges, Drawing","Gaming industry, Collaborative teams, Innovative culture","To become a senior Metaverse Developer and create immersive AR/VR experiences","Developed interactive games in Roblox, Created 3D models for virtual environments, Implemented VR elements in existing games","Seeking to advance proficiency in VR/AR SDKs and 3D modeling techniques"
"User 93","Lucas","Harris","Master's degree","Computer Science","Software Development","3.9","Stanford University","2 years","2021 - Present","Backend Developer","Netflix","Java (9/10), Spring Boot (8/10), SQL (8/10)","Backend Development (9/10), API Development (8/10), Database Management (8/10)","Mid-level","Playing guitar, Hiking, Coding challenges","Tech startups, Agile workflow, Collaborative teams","To become a software architect in a leading tech company","Developed backend solutions for Netflix's web applications, Optimized database queries for improved performance, Implemented RESTful APIs","Seeking to enhance proficiency in Spring Boot and database management"
"User 94","Ava","Bell","Bachelor's degree","Graphic Design","UX Design","3.7","Savannah College of Art and Design","5 years","2018 - Present","Senior UX Designer","Microsoft","Sketch (9/10), Adobe XD (8/10), InVision (8/10)","User Research (9/10), Interaction Design (8/10), Wireframing (8/10)","Senior","Illustration, Photography, Travelling","Tech startups, Creative & collaborative teams","To lead UX/UI design efforts for major tech products","Led a redesign of Microsoft's mobile app interface, Conducted user research influencing new feature implementation, Optimized the onboarding experience","Seeking to take on more complex UX/UI design projects and lead a design team"
"User 95","Benjamin","Roberts","PhD","Mathematics","Data Science","4.0","University of California, Berkeley","7 years","2016 - Present","Lead Data Scientist","Google","Python (10/10), R (9/10), TensorFlow (9/10), Apache Spark (9/10)","Machine Learning (10/10), Big Data Analytics (9/10), Predictive Modeling (9/10)","Senior","Playing piano, Hiking, Reading tech papers","Large tech companies, Data-driven culture","To lead data science team in a major tech company","Developed machine learning models for Google's recommendation system, Analyzed user data for product development, Implemented AI algorithms for sentiment analysis","Seeking to enhance proficiency in deep learning techniques and leadership skills"
"User 96","Mason","Harrison","Bachelor's degree","Game Design","Metaverse Development","3.7","University of California, Irvine","4 years","2019 - Present","Metaverse Developer","Unity Technologies","Unity (8/10), C# (8/10), Blender (8/10), VR/AR SDKs (7/10)","Game Development (8/10), Virtual Reality (8/10), 3D Modeling (8/10)","Mid-level","Virtual reality gaming, Coding challenges, Drawing","Gaming industry, Collaborative teams, Innovative culture","To become a senior Metaverse Developer and create immersive AR/VR experiences","Developed interactive games in Unity, Created 3D models for virtual environments, Implemented VR elements in existing games","Seeking to advance proficiency in VR/AR SDKs and 3D modeling techniques"
"User 97","Charlotte","Turner","Master's degree","Computer Science","Software Development","3.9","University of California, Berkeley","2 years","2021 - Present","Frontend Developer","Google","JavaScript (9/10), React (8/10), CSS (8/10)","Frontend Development (9/10), UI/UX Design (8/10), Testing (7/10)","Mid-level","Photography, Hiking, Reading books","Tech startups, Agile workflow, Collaborative teams","To become a full-stack developer in a leading tech company","Developed user interface components for Google's web applications, Optimized frontend performance, Implemented unit tests for new features","Seeking to enhance proficiency in React and testing methodologies"
"User 98","Oliver","Collins","Bachelor's degree","Graphic Design","UX Design","3.7","Savannah College of Art and Design","5 years","2018 - Present","Senior UX Designer","Apple","Sketch (9/10), Adobe XD (8/10), InVision (8/10)","User Research (9/10), Interaction Design (8/10), Wireframing (8/10)","Senior","Illustration, Photography, Travelling","Tech startups, Creative & collaborative teams","To lead UX/UI design efforts for major tech products","Led a redesign of Apple's mobile app interface, Conducted user research influencing new feature implementation, Optimized the onboarding experience","Seeking to take on more complex UX/UI design projects and lead a design team"
"User 99","Henry","Harris","PhD","Mathematics","Data Science","4.0","Stanford University","6 years","2017 - Present","Lead Data Scientist","Microsoft","Python (10/10), R (9/10), TensorFlow (9/10), Apache Spark (9/10)","Machine Learning (10/10), Big Data Analytics (9/10), Predictive Modeling (9/10)","Senior","Playing piano, Hiking, Reading tech papers","Large tech companies, Data-driven culture","To lead data science team in a major tech company","Developed machine learning models for Microsoft's recommendation system, Analyzed user data for product development, Implemented AI algorithms for sentiment analysis","Seeking to enhance proficiency in deep learning techniques and leadership skills"
"User 100","Sophia","Hill","Bachelor's degree","Game Design","Metaverse Development","3.7","University of California, Irvine","4 years","2019 - Present","Metaverse Developer","Roblox Corporation","Roblox Studio (9/10), Lua (8/10), Blender (8/10), VR/AR SDKs (7/10)","Game Development (8/10), Virtual Reality (8/10), 3D Modeling (8/10)","Mid-level","Virtual reality gaming, Coding challenges, Drawing","Gaming industry, Collaborative teams, Innovative culture","To become a senior Metaverse Developer and create immersive AR/VR experiences","Developed interactive games in Roblox, Created 3D models for virtual environments, Implemented VR elements in existing games","Seeking to advance proficiency in VR/AR SDKs and 3D modeling techniques"
